{
    "results": {
        "tool": {
            "name": "pytest",
            "version": "8.4.1"
        },
        "summary": {
            "tests": 2,
            "passed": 2,
            "failed": 0,
            "skipped": 0,
            "pending": 0,
            "other": 0,
            "start": 1776670045.0629559,
            "stop": 1776670048.7623749
        },
        "tests": [
            {
                "name": "test_final_state.py::test_log_file_exists",
                "status": "passed",
                "duration": 3.6692601379472762,
                "start": 1776670045.0918024,
                "stop": 1776670048.7613702,
                "retries": 0,
                "file_path": "test_final_state.py"
            },
            {
                "name": "test_final_state.py::test_log_file_format",
                "status": "passed",
                "duration": 0.0004910260322503746,
                "start": 1776670048.7615943,
                "stop": 1776670048.7622125,
                "retries": 0,
                "file_path": "test_final_state.py"
            }
        ]
    }
}